[
  {
    "Name": "Caelan's Radiant Shield",
    "Origin": "Crafted by Caelan, the God of Protection, justice and fire, during the Great War against darkness. Location: Held within the inner sanctum of the Cathedral of Light, a revered relic of the Church.",
    "Effects": "This shield emanates a radiant aura that repels magic and shields its bearer from harm. It can also project a shimmering barrier to protect allies in battle.",
    "OwnerId": null,
    "SnapshotId": null
  },
  {
    "Name": "Thalaa's Tears",
    "Origin": "Thalaa, the Goddess of Healing, shed tears of compassion for the suffering mortals. Location: Scattered across healing sanctuaries and temples dedicated to Thalaa.",
    "Effects": "These crystalline tears possess potent healing properties, capable of curing ailments, soothing pain, and restoring vitality. They can be used to create healing elixirs or imbue objects with rejuvenating energy.",
    "OwnerId": null,
    "SnapshotId": null
  },
  {
    "Name": "Luma's earthen Staff",
    "Origin": "Luma, the Goddess of Light, bestowed this Staff upon her followers to guide them in times of darkness. Location: Hidden in a secluded wooden sanctuary",
    "Effects": "The staff emits a brilliant light from its green crystal embedded into it. It is a carved wooden staff about 1,60m high with floral and animal carvings that intertwine around the crystal",
    "OwnerId": null,
    "SnapshotId": null
  },
  {
    "Name": "Aelwyn's Moonstone Talisman",
    "Origin": "Forged during a lunar eclipse by Aelwyn, Goddess of the Moon, to protect her chosen priestesses. Location: Moonlight Cavern beneath the Silver Peaks.",
    "Effects": "Boosts intuition and grants brief visions of the future when bathed in moonlight. Glows softly in the dark.",
    "OwnerId": null,
    "SnapshotId": null
  },
  {
    "Name": "Caelan's Gauntlet of Justice",
    "Origin": "Worn by Caelan during the Battle of the Burning Fields. Location: Buried beneath the ruins of Fort Valiant.",
    "Effects": "Enhances physical strength and glows when in the presence of injustice or corruption.",
    "OwnerId": null,
    "SnapshotId": null
  },
  {
    "Name": "Thalaa's Elixir of Renewal",
    "Origin": "Distilled from sacred springs blessed by Thalaa. Location: Stored in glass vials at the Temple of Restoration.",
    "Effects": "Restores youth and vitality. Has a calming scent of herbs and wildflowers.",
    "OwnerId": null,
    "SnapshotId": null
  },
  {
    "Name": "Aelwyn's Book of Ancient Wisdom",
    "Origin": "Compiled over millennia by moon sages and preserved by Aelwyn. Location: Secret archives beneath the Library of Stars.",
    "Effects": "Unlocks arcane knowledge and forgotten spells. Its pages shimmer with silvery glyphs.",
    "OwnerId": null,
    "SnapshotId": null
  },
  {
    "Name": "Caelan's Heartstone Amulet",
    "Origin": "Forged in Caelan\u2019s sacred forge from the first flame of creation. Location: Embedded in the altar of the Cathedral of Light.",
    "Effects": "Heats the air around the wearer, offering protection from frost and fear. Pulsates with a warm glow when danger is near.",
    "OwnerId": null,
    "SnapshotId": null
  },
  {
    "Name": "Thalaa's Lifestream Chalice",
    "Origin": "Molded from silver ore found only in Thalaa\u2019s sacred vale. Location: Kept in the vault of the Lifekeeper\u2019s Grove.",
    "Effects": "Allows the drinker to see the lifeforce of all living things. Can be used in rites of rebirth.",
    "OwnerId": null,
    "SnapshotId": null
  }
]