[
    {
        "Role": "Protagonist",
        "Name": "Arana",
        "Alias": "Ana",
        "BirthDay": 20,
        "BirthMonth": "Fram",
        "BirthYear": 1224,
        "Gender": "female",
        "HeightCm": 150,
        "Build": "Small and wiry, built for speed rather than strength",
        "Hair": "Dark, tangled hair, often unkempt",
        "Eyes": "Storm-grey eyes that hold too much anger for someone so young",
        "DefiningFeatures": "",
        "SocialStatus": "daughter, orphan, thief, student, inquisitor, rebel",
        "Personality": "Sharp-tongued, fiercely independent, does not trust easily. A survivor first\u2014emotions are weaknesses, attachments get people killed.",
        "Occupation": "daughter, orphan, thief, student, inquisitor, rebel",
        "Magic": "Wild Magic",
        "Desire": "To kill the High Flame",
        "Fear": "That she brings death to everyone around her",
        "Weakness": "Losing control of her magic",
        "Motivation": "Vengeance against the Church who killed her parents",
        "Flaw": "Cynical, unwilling to trust others",
        "Misbelief": "The world does not care if you live or die. Magic is a curse. Hope is a lie.",
        "SnapshotId": null,
        "FactionId": null,
        "LocationId": null,
        "LanguageId": null
    },
    {
        "Role": "Deuteragonist",
        "Name": "Liam",
        "Alias": "",
        "BirthDay": null,
        "BirthMonth": null,
        "BirthYear": null,
        "Gender": "Male",
        "HeightCm": 170,
        "Build": "Lean, wiry, built for speed",
        "Hair": "Unruly dark brown hair",
        "Eyes": "Sharp hazel eyes always flickering with mischief or calculation",
        "DefiningFeatures": "",
        "SocialStatus": "Street orphan, thief",
        "Personality": "Sarcastic, quick-tongued, street-smart. Uses humor to mask vulnerability.",
        "Occupation": "Survivor, pickpocket",
        "Magic": "Divine Magic",
        "Desire": "Control over his own fate",
        "Fear": "Losing the only people he cares about",
        "Weakness": "His own helplessness against real power",
        "Motivation": "Protecting Arana (even if he won\u2019t admit it)",
        "Flaw": "Doesn\u2019t believe in people or change",
        "Misbelief": "If you can\u2019t fight, you don\u2019t survive. If you care too much, you get killed.",
        "SnapshotId": null,
        "FactionId": null,
        "LocationId": null,
        "LanguageId": null
    },
    {
        "Role": "Mentor",
        "Name": "Grizz",
        "Alias": "Moren",
        "BirthDay": null,
        "BirthMonth": null,
        "BirthYear": null,
        "Gender": "Male",
        "HeightCm": 200,
        "Build": "Broad-shouldered, built like a bear",
        "Hair": "Thick, graying beard, once dark brown",
        "Eyes": "Deep-set, tired eyes that have seen too much",
        "DefiningFeatures": "",
        "SocialStatus": "Former rebel, street mentor",
        "Personality": "Gruff, rough-edged, pragmatic, full of cutting truths. Beneath his hardened exterior, he cares deeply for Arana and Liam.",
        "Occupation": "Survivor, mentor to street kids",
        "Magic": "None",
        "Desire": "Protect Arana & Liam, even if he won\u2019t admit it",
        "Fear": "Getting attached again",
        "Weakness": "His own past catching up to him",
        "Motivation": "Survival, but not just for himself",
        "Flaw": "Deeply cynical, believes the world is cruel and unchanging",
        "Misbelief": "The strong survive, the weak burn. If you want to live, you fight.",
        "SnapshotId": null,
        "FactionId": null,
        "LocationId": null,
        "LanguageId": null
    },
    {
        "Role": "Antagonist",
        "Name": "Prince Edric",
        "Alias": "The Black Sun",
        "BirthDay": null,
        "BirthMonth": null,
        "BirthYear": null,
        "Gender": "Male",
        "HeightCm": 185,
        "Build": "Athletic, broad-shouldered",
        "Hair": "Golden-blond, always immaculate",
        "Eyes": "Cold, piercing blue",
        "DefiningFeatures": null,
        "SocialStatus": "Crown Prince of Veridia",
        "Personality": "Charismatic but ruthless. Raised to be a ruler, he believes in absolute control and order.",
        "Occupation": "Royal heir, commander of the Divine Guard",
        "Magic": "Divine",
        "Desire": "To bring absolute order to the world, eradicate Wild Magic",
        "Fear": "Losing control, becoming like his father",
        "Weakness": "Struggles with his own morality, torn between duty and conscience",
        "Motivation": "To become the greatest ruler in history",
        "Flaw": "Arrogance, lack of empathy, sees people as pawns",
        "Misbelief": "Power is the only thing that brings stability. Mercy is weakness.",
        "SnapshotId": null,
        "FactionId": null,
        "LocationId": null,
        "LanguageId": null
    },
    {
        "Role": "King",
        "Name": "King Alistair",
        "Alias": "The Lion of Veridia",
        "BirthDay": null,
        "BirthMonth": null,
        "BirthYear": null,
        "Gender": "Male",
        "HeightCm": 190,
        "Build": "Towering, heavily built, former warrior",
        "Hair": "Graying blonde, once golden",
        "Eyes": "Steel-gray, sharp with age",
        "DefiningFeatures": null,
        "SocialStatus": "King of Veridia",
        "Personality": "Fierce, pragmatic, iron-willed ruler who has no patience for weakness.",
        "Occupation": "Monarch, supreme ruler",
        "Magic": "None (but wields political power like magic)",
        "Desire": "To secure his legacy and protect his kingdom from chaos",
        "Fear": "That his son will fail to uphold the order he built",
        "Weakness": "Too rigid, refuses to see changing times",
        "Motivation": "To leave behind an unshakable dynasty",
        "Flaw": "Sees the world in black and white, refuses to compromise",
        "Misbelief": "Strength is everything. The strong rule, the weak obey.",
        "SnapshotId": null,
        "FactionId": null,
        "LocationId": null,
        "LanguageId": null
    },
    {
        "Role": "Antagonist",
        "Name": "The High Flame",
        "Alias": "Teric the None",
        "BirthDay": null,
        "BirthMonth": null,
        "BirthYear": null,
        "Gender": "Male",
        "HeightCm": 175,
        "Build": "Lean but powerful presence",
        "Hair": "Bald, a ceremonial mark of devotion",
        "Eyes": "Burning golden, said to glow with divine power",
        "DefiningFeatures": null,
        "SocialStatus": "Supreme religious leader",
        "Personality": "Zealous, fanatical, utterly devoted to the Divine Order. He believes himself to be the chosen vessel of the gods.",
        "Occupation": "Head of the Church of Divine Light",
        "Magic": "God-Touched",
        "Desire": "To cleanse the world of impurity, to create divine perfection",
        "Fear": "That the gods will abandon him, that he is unworthy",
        "Weakness": "His own visions and paranoia drive him to madness",
        "Motivation": "To become the first mortal to ascend fully to godhood",
        "Flaw": "Blinded by his own belief in his destiny",
        "Misbelief": "Pain is purification. Suffering leads to salvation.",
        "SnapshotId": null,
        "FactionId": null,
        "LocationId": null,
        "LanguageId": null
    },
    {
        "Role": "Spy, Double Agent",
        "Name": "Siva",
        "Alias": "Lia",
        "BirthDay": null,
        "BirthMonth": null,
        "BirthYear": null,
        "Gender": "Female",
        "HeightCm": 170,
        "Build": "Lean, agile, built for speed and deception",
        "Hair": "Dark auburn, often braided",
        "Eyes": "Emerald green, observant and intense",
        "DefiningFeatures": null,
        "SocialStatus": "Unknown (Adapts to roles)",
        "Personality": "Charming, deceptive, able to blend in anywhere. Always plays the long game.",
        "Occupation": "Spy, master of infiltration",
        "Magic": "None, but highly trained in deception and combat",
        "Desire": "To dismantle the Church from within",
        "Fear": "Being exposed, losing her carefully crafted persona",
        "Weakness": "Has started to care for those she\u2019s meant to betray",
        "Motivation": "To avenge her family, who were killed by the Divine Order",
        "Flaw": "Plays too many sides, risks losing herself in the lies",
        "Misbelief": "No one can be trusted\u2014not even yourself.",
        "SnapshotId": null,
        "FactionId": null,
        "LocationId": null,
        "LanguageId": null
    },
    {
        "Role": "Antagonist",
        "Name": "Master Harro",
        "Alias": "The Unyielding",
        "BirthDay": null,
        "BirthMonth": null,
        "BirthYear": null,
        "Gender": "Male",
        "HeightCm": 175,
        "Build": "Stocky, built like a hammer\u2014short but powerful",
        "Hair": "Iron-gray, always neatly combed",
        "Eyes": "Dark brown, filled with disapproval",
        "DefiningFeatures": null,
        "SocialStatus": "High-ranking teacher in the Church\u2019s academy",
        "Personality": "Harsh, disciplinarian, believes in strict order. Sees kindness as weakness.",
        "Occupation": "Master instructor for elite Church initiates",
        "Magic": "None",
        "Desire": "To train the next generation of Divine enforcers",
        "Fear": "That magic outside the Church will bring chaos",
        "Weakness": "His refusal to adapt, rigid and unyielding",
        "Motivation": "To uphold the strict teachings of the Divine Order",
        "Flaw": "Believes suffering strengthens character, pushes students too hard",
        "Misbelief": "Compassion leads to weakness. Weakness leads to ruin.",
        "SnapshotId": null,
        "FactionId": null,
        "LocationId": null,
        "LanguageId": null
    },
    {
        "Role": "Antagonist",
        "Name": "Aryn",
        "Alias": "Lady Aryn",
        "BirthDay": null,
        "BirthMonth": null,
        "BirthYear": null,
        "Gender": "Female",
        "HeightCm": 168,
        "Build": "Slim but elegant, carries herself with noble poise",
        "Hair": "Golden-blonde, always styled impeccably",
        "Eyes": "Icy blue, looks down upon those beneath her",
        "DefiningFeatures": null,
        "SocialStatus": "Noble class",
        "Personality": "Spoiled, entitled, cruel to those she deems beneath her. Loves power and control.",
        "Occupation": "Daughter of a powerful noble, student of the Divine Academy",
        "Magic": "None, but wields political influence",
        "Desire": "To rise in power, marry into royalty",
        "Fear": "Losing status, becoming irrelevant",
        "Weakness": "Her own arrogance and underestimation of others",
        "Motivation": "To manipulate her way into a position of power",
        "Flaw": "Underestimates those she considers beneath her",
        "Misbelief": "The world belongs to those who were born to rule.",
        "SnapshotId": null,
        "FactionId": null,
        "LocationId": null,
        "LanguageId": null
    },
    {
        "Role": "Antagonist",
        "Name": "Inquisitor Varick",
        "Alias": "The Hound of the Church",
        "BirthDay": null,
        "BirthMonth": null,
        "BirthYear": null,
        "Gender": "Male",
        "HeightCm": 190,
        "Build": "Muscular, imposing, a wall of a man",
        "Hair": "Shaved, no distractions from duty",
        "Eyes": "Cold gray, devoid of empathy",
        "DefiningFeatures": null,
        "SocialStatus": "High-ranking Church Inquisitor",
        "Personality": "Loyal, ruthless, unquestioning. Sees himself as a tool of divine justice.",
        "Occupation": "Hunter of heretics, Church enforcer",
        "Magic": "Divine Magic, enhanced for combat",
        "Desire": "To purge the world of heresy",
        "Fear": "Failing the Divine Order",
        "Weakness": "Cannot question authority, follows orders blindly",
        "Motivation": "To be the perfect instrument of divine justice",
        "Flaw": "Unyielding, no room for mercy",
        "Misbelief": "Justice is absolute. There is no gray area\u2014only sinners and the righteous.",
        "SnapshotId": null,
        "FactionId": null,
        "LocationId": null,
        "LanguageId": null
    }
]