[
    {
        "Character1Id": null,
        "Character2Id": null,
        "RelationshipType": "Friend",
        "RelationshipDynamic": "Survival partners, fiercely loyal to each other",
        "SnapshotId": null
    },
    {
        "Character1Id": null,
        "Character2Id": null,
        "RelationshipType": "Mentor",
        "RelationshipDynamic": "Grizz was a father figure to Arana, taught her survival",
        "SnapshotId": null
    },
    {
        "Character1Id": null,
        "Character2Id": null,
        "RelationshipType": "Mentor",
        "RelationshipDynamic": "Grizz taught Liam everything he knows about survival",
        "SnapshotId": null
    },
    {
        "Character1Id": null,
        "Character2Id": null,
        "RelationshipType": "Enemy",
        "RelationshipDynamic": "Hates Aryn, a noble's daughter who bullies others",
        "SnapshotId": null
    },
    {
        "Character1Id": null,
        "Character2Id": null,
        "RelationshipType": "Enemy",
        "RelationshipDynamic": "Master Harro despises Arana for being a street orphan",
        "SnapshotId": null
    },
    {
        "Character1Id": null,
        "Character2Id": null,
        "RelationshipType": "Mentor",
        "RelationshipDynamic": "Brother Rhyn sees potential in Arana, protects her",
        "SnapshotId": null
    },
    {
        "Character1Id": null,
        "Character2Id": null,
        "RelationshipType": "Enemy",
        "RelationshipDynamic": "Inquisitor Varick hunts Arana as a threat to the Church",
        "SnapshotId": null
    },
    {
        "Character1Id": null,
        "Character2Id": null,
        "RelationshipType": "Father-Son",
        "RelationshipDynamic": "Tense, filled with expectation and disappointment",
        "SnapshotId": null
    },
    {
        "Character1Id": null,
        "Character2Id": null,
        "RelationshipType": "Devoted Follower",
        "RelationshipDynamic": "Prince Edric sees The High Flame as a prophet of truth",
        "SnapshotId": null
    },
    {
        "Character1Id": null,
        "Character2Id": null,
        "RelationshipType": "Political Allies",
        "RelationshipDynamic": "King Alistair and The High Flame maintain an uneasy alliance",
        "SnapshotId": null
    },
    {
        "Character1Id": null,
        "Character2Id": null,
        "RelationshipType": "Enemy",
        "RelationshipDynamic": "Arana and Prince Edric are fated rivals, opposite sides of the war",
        "SnapshotId": null
    },
    {
        "Character1Id": null,
        "Character2Id": null,
        "RelationshipType": "Sworn Enemy",
        "RelationshipDynamic": "The High Flame sees Arana as the greatest blasphemy against the Divine",
        "SnapshotId": null
    },
    {
        "Character1Id": null,
        "Character2Id": null,
        "RelationshipType": "Complicated",
        "RelationshipDynamic": "Siva (Lia) is spying on Arana but starts to genuinely care for her",
        "SnapshotId": null
    },
    {
        "Character1Id": null,
        "Character2Id": null,
        "RelationshipType": "Undercover Operative",
        "RelationshipDynamic": "Siva pretends to be a loyal follower of the High Flame",
        "SnapshotId": null
    },
    {
        "Character1Id": null,
        "Character2Id": null,
        "RelationshipType": "Mentor",
        "RelationshipDynamic": "Master Harro trained Prince Edric to be ruthless and disciplined",
        "SnapshotId": null
    },
    {
        "Character1Id": null,
        "Character2Id": null,
        "RelationshipType": "Bullying Rival",
        "RelationshipDynamic": "Aryn enjoys tormenting Arana, seeing her as a filthy street rat",
        "SnapshotId": null
    },
    {
        "Character1Id": null,
        "Character2Id": null,
        "RelationshipType": "Hunter and Prey",
        "RelationshipDynamic": "Inquisitor Varick is obsessed with capturing and executing Arana",
        "SnapshotId": null
    }
]