[
    {
        "Name": "The Unity",
        "Description": "Magic existed in harmony, and religion was a personal practice. Magicians (3% of the population) could speak and listen to the gods. Magic was a natural force, balanced and free-flowing. Religious practices were personal, not political.",
        "StartYear": -2000,
        "EndYear": -1000,
        "MagicSystem": "Fluid magic, personal connection with nature and gods.",
        "MagicStatus": "Balanced",
        "SnapshotId": null
    },
    {
        "Name": "The Shift",
        "Description": "The Church of Divine Light emerged as a stabilizing force. Divine Magicians (Speakers) vs. Wild Magicians (Listeners). Structured vs. nature-based magic. Balance maintained, but ideologies diverged.",
        "StartYear": -1000,
        "EndYear": -800,
        "MagicSystem": "Structured Divine Magic vs. Natural Wild Magic.",
        "MagicStatus": "Balanced with ideological division",
        "SnapshotId": null
    },
    {
        "Name": "The Fracture",
        "Description": "Church rejected Wild Magic. Wild Magicians formed Keeps and learned True Names of the Gods. Biological shift limited individuals to one magic type. Rising tension but tolerance remained.",
        "StartYear": -800,
        "EndYear": -600,
        "MagicSystem": "Divided magic: Divine or Wild only.",
        "MagicStatus": "Still functional, increasingly politicized",
        "SnapshotId": null
    },
    {
        "Name": "The Rift",
        "Description": "Church branded Wild Magic as heretical. History purged, disasters blamed on Wild Magicians. Cursed Children (Speaker + Listener offspring) appeared. Wild Magicians hunted.",
        "StartYear": -600,
        "EndYear": -500,
        "MagicSystem": "Suppressed Wild Magic, Church-dominant doctrine.",
        "MagicStatus": "Unbalanced, tension rising",
        "SnapshotId": null
    },
    {
        "Name": "The Second Disruption",
        "Description": "Excessive prayer overwhelmed the Celestial Realm. Natural disasters intensified. Wild Magicians exiled. Church refused to accept its role in the instability.",
        "StartYear": -500,
        "EndYear": -400,
        "MagicSystem": "Overcharged Divine Magic",
        "MagicStatus": "Dangerously unstable",
        "SnapshotId": null
    },
    {
        "Name": "The Abyss",
        "Description": "Children of the Void were born without magic or with magic-draining abilities. Church gained total control over monarchy. Wild Magic outlawed entirely.",
        "StartYear": -400,
        "EndYear": -350,
        "MagicSystem": "Dominant Divine Magic, suppressed Wild Magic",
        "MagicStatus": "Corrupted, used as tool of oppression",
        "SnapshotId": null
    },
    {
        "Name": "The Third Disruption",
        "Description": "Belon, God of Darkness, formed from mortal suffering. Divine Magic became rigid and ritualized. Belon unknowingly helped stabilize magic by absorbing pain.",
        "StartYear": -350,
        "EndYear": -300,
        "MagicSystem": "Divine-only with emergence of dark stabilizing force",
        "MagicStatus": "Artificially stabilized, deeply fractured",
        "SnapshotId": null
    },
    {
        "Name": "The Rupture",
        "Description": "Belon threatened the gods by attempting to drain celestial energy directly. The gods feared their own extinction.",
        "StartYear": -300,
        "EndYear": -250,
        "MagicSystem": "Divine vs. Belon's Shadow Influence",
        "MagicStatus": "Celestial crisis",
        "SnapshotId": null
    },
    {
        "Name": "The Silence",
        "Description": "The gods created a mortal bridge to restore balance but he was corrupted, founding the Order of Flame. The gods weakened themselves and fell silent. Magic fell silent too.",
        "StartYear": -250,
        "EndYear": -50,
        "MagicSystem": "Fragmented Magic, failed god intervention",
        "MagicStatus": "Broken, gods silent",
        "SnapshotId": null
    },
    {
        "Name": "The Modern Age",
        "Description": "Magic is broken. Wild Magicians persecuted. Arana is born with both magics; Edric becomes Belon's vessel. Faith vs. magic begins.",
        "StartYear": -50,
        "EndYear": 0,
        "MagicSystem": "Dual magic re-emerging, divine silence, Belon rising",
        "MagicStatus": "Critically unstable",
        "SnapshotId": null
    }
]