[
    {
        "Name": "The Coronation of Prince Edric",
        "Description": "",
        "Day": 15,
        "Month": "Aurn",
        "Year": 1523,
        "Purpose": "Royal Ceremony",
        "SnapshotId": null,
        "LocationId": null
    },
    {
        "Name": "The Burning of the Heretics",
        "Description": null,
        "Day": 23,
        "Month": "Heno",
        "Year": 1523,
        "Purpose": "Religious Purge",
        "SnapshotId": null,
        "LocationId": null
    },
    {
        "Name": "The Battle of Varenthal Pass",
        "Description": "",
        "Day": 8,
        "Month": "Drom",
        "Year": 1524,
        "Purpose": "Military Conflict",
        "SnapshotId": null,
        "LocationId": null
    },
    {
        "Name": "Festival of Thalaa",
        "Description": "",
        "Day": 8,
        "Month": "Drom",
        "Year": null,
        "Purpose": "Water-themed festival to worship and thank the Goddess Thalaa",
        "SnapshotId": null,
        "LocationId": null
    },
    {
        "Name": "Festival of Luma",
        "Description": "",
        "Day": 8,
        "Month": "Gila",
        "Year": null,
        "Purpose": "Earth-themed festival to worship and thank the Goddess Luma",
        "SnapshotId": null,
        "LocationId": null
    },
    {
        "Name": "Festival of Caelon",
        "Description": "",
        "Day": 8,
        "Month": "Jart",
        "Year": null,
        "Purpose": "Fire-themed festival to worship and thank the God Caelon",
        "SnapshotId": null,
        "LocationId": null
    },
    {
        "Name": "Festival of Aelwyn",
        "Description": "",
        "Day": 8,
        "Month": "Brol",
        "Year": null,
        "Purpose": "Wind-themed festival to worship and thank the Goddess Aelwyn",
        "SnapshotId": null,
        "LocationId": null
    },
    {
        "Name": "Jespen",
        "Description": "",
        "Day": 8,
        "Month": "Moon",
        "Year": null,
        "Purpose": "End of Year festival",
        "SnapshotId": null,
        "LocationId": null
    }
]