[
  {
    "Category": "Food & Drink",
    "Name": "Mug of cheap ale",
    "Exclusivity": "Common",
    "Price": 3
  },
  {
    "Category": "Food & Drink",
    "Name": "Mug of regular ale",
    "Exclusivity": "Common",
    "Price": 6
  },
  {
    "Category": "Food & Drink",
    "Name": "Mug of high-quality ale",
    "Exclusivity": "Uncommon",
    "Price": 10
  },
  {
    "Category": "Lodging",
    "Name": "Common room in inn (shared space)",
    "Exclusivity": "Common",
    "Price": 10
  },
  {
    "Category": "Lodging",
    "Name": "Private room in lower-tier inn",
    "Exclusivity": "Common",
    "Price": 25
  },
  {
    "Category": "Lodging",
    "Name": "Comfortable room with meals",
    "Exclusivity": "Uncommon",
    "Price": 30
  },
  {
    "Category": "Lodging",
    "Name": "Luxury noble inn or palace room",
    "Exclusivity": "Luxury",
    "Price": 100
  },
  {
    "Category": "Meals",
    "Name": "Basic tavern lunch (stew and bread)",
    "Exclusivity": "Common",
    "Price": 10
  },
  {
    "Category": "Meals",
    "Name": "Decent lunch (roast, drink, vegetables)",
    "Exclusivity": "Common",
    "Price": 25
  },
  {
    "Category": "Meals",
    "Name": "High-end meal with wine and service",
    "Exclusivity": "Uncommon",
    "Price": 48
  },
  {
    "Category": "Mounts",
    "Name": "Basic workhorse",
    "Exclusivity": "Uncommon",
    "Price": 480
  },
  {
    "Category": "Mounts",
    "Name": "Well-trained riding horse",
    "Exclusivity": "Rare",
    "Price": 2400
  },
  {
    "Category": "Mounts",
    "Name": "Warhorse",
    "Exclusivity": "Rare",
    "Price": 7500
  },
  {
    "Category": "Mounts",
    "Name": "Royal-bred steed",
    "Exclusivity": "Luxury",
    "Price": 15000
  },
  {
    "Category": "Mercenaries",
    "Name": "Sellsword per day",
    "Exclusivity": "Common",
    "Price": 120
  },
  {
    "Category": "Mercenaries",
    "Name": "Trained mercenary per week",
    "Exclusivity": "Uncommon",
    "Price": 240
  },
  {
    "Category": "Mercenaries",
    "Name": "Elite mercenary per week",
    "Exclusivity": "Rare",
    "Price": 720
  },
  {
    "Category": "Mercenaries",
    "Name": "War veteran for major contract",
    "Exclusivity": "Luxury",
    "Price": 2400
  },
  {
    "Category": "Alchemy",
    "Name": "Basic ingredients",
    "Exclusivity": "Common",
    "Price": 60
  },
  {
    "Category": "Alchemy",
    "Name": "Standard alchemy kit",
    "Exclusivity": "Uncommon",
    "Price": 720
  },
  {
    "Category": "Alchemy",
    "Name": "Rare components (dragon’s blood etc.)",
    "Exclusivity": "Rare",
    "Price": 1440
  },
  {
    "Category": "Alchemy",
    "Name": "Illegal/high-end equipment",
    "Exclusivity": "Luxury",
    "Price": 3600
  },
  {
    "Category": "Groceries",
    "Name": "Loaf of black bread",
    "Exclusivity": "Common",
    "Price": 2
  },
  {
    "Category": "Groceries",
    "Name": "Wheat bread",
    "Exclusivity": "Common",
    "Price": 3
  },
  {
    "Category": "Groceries",
    "Name": "White bakery bread",
    "Exclusivity": "Uncommon",
    "Price": 5
  },
  {
    "Category": "Groceries",
    "Name": "Sack of standard potatoes",
    "Exclusivity": "Common",
    "Price": 8
  },
  {
    "Category": "Groceries",
    "Name": "Sack of premium potatoes",
    "Exclusivity": "Uncommon",
    "Price": 12
  },
  {
    "Category": "Groceries",
    "Name": "Sack of coarse flour",
    "Exclusivity": "Common",
    "Price": 9
  },
  {
    "Category": "Groceries",
    "Name": "Sack of fine white flour",
    "Exclusivity": "Uncommon",
    "Price": 14
  },
  {
    "Category": "Groceries",
    "Name": "Bunch of average carrots",
    "Exclusivity": "Common",
    "Price": 4
  },
  {
    "Category": "Groceries",
    "Name": "Bunch of premium carrots",
    "Exclusivity": "Uncommon",
    "Price": 6
  },
  {
    "Category": "Groceries",
    "Name": "Farmhouse hard cheese (1 lb)",
    "Exclusivity": "Uncommon",
    "Price": 18
  },
  {
    "Category": "Groceries",
    "Name": "Aged high-quality cheese (1 lb)",
    "Exclusivity": "Rare",
    "Price": 30
  },
  {
    "Category": "Groceries",
    "Name": "Cheap meat sausage",
    "Exclusivity": "Common",
    "Price": 12
  },
  {
    "Category": "Groceries",
    "Name": "Fine pork sausage",
    "Exclusivity": "Uncommon",
    "Price": 20
  },
  {
    "Category": "Groceries",
    "Name": "Luxury sausage from butcher",
    "Exclusivity": "Rare",
    "Price": 25
  },
  {
    "Category": "Groceries",
    "Name": "Dozen bruised apples",
    "Exclusivity": "Common",
    "Price": 6
  },
  {
    "Category": "Groceries",
    "Name": "Dozen large apples",
    "Exclusivity": "Uncommon",
    "Price": 12
  }
]
