[
    {
        "Name": "Ashwater River",
        "DepthMeters": 12,
        "WidthMeters": 35,
        "FlowDirection": "North to South",
        "SourceLocationId": null,
        "DestinationLocationId": null
    },

    {
        "Name": "Blackwood River",
        "DepthMeters": 18,
        "WidthMeters": 40,
        "FlowDirection": "East to West",
        "SourceLocationId": null,
        "DestinationLocationId": null
    },
    {
        "Name": "Clearwater Bend",
        "DepthMeters": 9,
        "WidthMeters": 25,
        "FlowDirection": "West to East",
        "SourceLocationId": null,
        "DestinationLocationId": null
    },
    {
        "Name": "Deerborne River",
        "DepthMeters": 20,
        "WidthMeters": 50,
        "FlowDirection": "Southwest to Northeast",
        "SourceLocationId": null,
        "DestinationLocationId": null
    },
    {
        "Name": "Elmwater Stream",
        "DepthMeters": 6,
        "WidthMeters": 15,
        "FlowDirection": "Southeast to Northwest",
        "SourceLocationId": null,
        "DestinationLocationId": null
    },
    {
        "Name": "Foxrun River",
        "DepthMeters": 10,
        "WidthMeters": 28,
        "FlowDirection": "Northwest to Southeast",
        "SourceLocationId": null,
        "DestinationLocationId": null
    },
    {
        "Name": "Garnet Flow",
        "DepthMeters": 14,
        "WidthMeters": 38,
        "FlowDirection": "South to North",
        "SourceLocationId": null,
        "DestinationLocationId": null
    },
    {
        "Name": "Hollow Creek",
        "DepthMeters": 5,
        "WidthMeters": 12,
        "FlowDirection": "East to West",
        "SourceLocationId": null,
        "DestinationLocationId": null
    },
    {
        "Name": "Ironvein River",
        "DepthMeters": 22,
        "WidthMeters": 45,
        "FlowDirection": "North to South",
        "SourceLocationId": null,
        "DestinationLocationId": null
    },
    {
        "Name": "Jade Drift",
        "DepthMeters": 11,
        "WidthMeters": 30,
        "FlowDirection": "West to East",
        "SourceLocationId": null,
        "DestinationLocationId": null
    },
    {
        "Name": "Jarunn River",
        "DepthMeters": 25,
        "WidthMeters": 60,
        "FlowDirection": "East to West",
        "SourceLocationId": null,
        "DestinationLocationId": null
    }
]
