[
  {
    "Book": "1",
    "Act": "1",
    "Chapter": "1",
    "SnapshotName": "Book: 1, Act: 1, Chapter: 1"
  },
  {
    "Book": "1",
    "Act": "1",
    "Chapter": "2",
    "SnapshotName": "Book: 1, Act: 1, Chapter: 2"
  },
  {
    "Book": "1",
    "Act": "1",
    "Chapter": "3",
    "SnapshotName": "Book: 1, Act: 1, Chapter: 3"
  },
  {
    "Book": "1",
    "Act": "1",
    "Chapter": "4",
    "SnapshotName": "Book: 1, Act: 1, Chapter: 4"
  },
  {
    "Book": "1",
    "Act": "1",
    "Chapter": "5",
    "SnapshotName": "Book: 1, Act: 1, Chapter: 5"
  },
  {
    "Book": "1",
    "Act": "1",
    "Chapter": "6",
    "SnapshotName": "Book: 1, Act: 1, Chapter: 6"
  },
  {
    "Book": "1",
    "Act": "1",
    "Chapter": "7",
    "SnapshotName": "Book: 1, Act: 1, Chapter: 7"
  },
  {
    "Book": "1",
    "Act": "1",
    "Chapter": "8",
    "SnapshotName": "Book: 1, Act: 1, Chapter: 8"
  },
  {
    "Book": "1",
    "Act": "1",
    "Chapter": "9",
    "SnapshotName": "Book: 1, Act: 1, Chapter: 9"
  },
  {
    "Book": "1",
    "Act": "1",
    "Chapter": "10",
    "SnapshotName": "Book: 1, Act: 1, Chapter: 10"
  },
  {
    "Book": "1",
    "Act": "2",
    "Chapter": "1",
    "SnapshotName": "Book: 1, Act: 2, Chapter: 1"
  },
  {
    "Book": "1",
    "Act": "2",
    "Chapter": "2",
    "SnapshotName": "Book: 1, Act: 2, Chapter: 2"
  },
  {
    "Book": "1",
    "Act": "2",
    "Chapter": "3",
    "SnapshotName": "Book: 1, Act: 2, Chapter: 3"
  },
  {
    "Book": "1",
    "Act": "2",
    "Chapter": "4",
    "SnapshotName": "Book: 1, Act: 2, Chapter: 4"
  },
  {
    "Book": "1",
    "Act": "2",
    "Chapter": "5",
    "SnapshotName": "Book: 1, Act: 2, Chapter: 5"
  },
  {
    "Book": "1",
    "Act": "2",
    "Chapter": "6",
    "SnapshotName": "Book: 1, Act: 2, Chapter: 6"
  },
  {
    "Book": "1",
    "Act": "2",
    "Chapter": "7",
    "SnapshotName": "Book: 1, Act: 2, Chapter: 7"
  },
  {
    "Book": "1",
    "Act": "2",
    "Chapter": "8",
    "SnapshotName": "Book: 1, Act: 2, Chapter: 8"
  },
  {
    "Book": "1",
    "Act": "2",
    "Chapter": "9",
    "SnapshotName": "Book: 1, Act: 2, Chapter: 9"
  },
  {
    "Book": "1",
    "Act": "2",
    "Chapter": "10",
    "SnapshotName": "Book: 1, Act: 2, Chapter: 10"
  },
  {
    "Book": "1",
    "Act": "3",
    "Chapter": "1",
    "SnapshotName": "Book: 1, Act: 3, Chapter: 1"
  },
  {
    "Book": "1",
    "Act": "3",
    "Chapter": "2",
    "SnapshotName": "Book: 1, Act: 3, Chapter: 2"
  },
  {
    "Book": "1",
    "Act": "3",
    "Chapter": "3",
    "SnapshotName": "Book: 1, Act: 3, Chapter: 3"
  },
  {
    "Book": "1",
    "Act": "3",
    "Chapter": "4",
    "SnapshotName": "Book: 1, Act: 3, Chapter: 4"
  },
  {
    "Book": "1",
    "Act": "3",
    "Chapter": "5",
    "SnapshotName": "Book: 1, Act: 3, Chapter: 5"
  },
  {
    "Book": "1",
    "Act": "3",
    "Chapter": "6",
    "SnapshotName": "Book: 1, Act: 3, Chapter: 6"
  },
  {
    "Book": "1",
    "Act": "3",
    "Chapter": "7",
    "SnapshotName": "Book: 1, Act: 3, Chapter: 7"
  },
  {
    "Book": "1",
    "Act": "3",
    "Chapter": "8",
    "SnapshotName": "Book: 1, Act: 3, Chapter: 8"
  },
  {
    "Book": "1",
    "Act": "3",
    "Chapter": "9",
    "SnapshotName": "Book: 1, Act: 3, Chapter: 9"
  },
  {
    "Book": "1",
    "Act": "3",
    "Chapter": "10",
    "SnapshotName": "Book: 1, Act: 3, Chapter: 10"
  },
  {
    "Book": "1",
    "Act": "4",
    "Chapter": "1",
    "SnapshotName": "Book: 1, Act: 4, Chapter: 1"
  },
  {
    "Book": "1",
    "Act": "4",
    "Chapter": "2",
    "SnapshotName": "Book: 1, Act: 4, Chapter: 2"
  },
  {
    "Book": "1",
    "Act": "4",
    "Chapter": "3",
    "SnapshotName": "Book: 1, Act: 4, Chapter: 3"
  },
  {
    "Book": "1",
    "Act": "4",
    "Chapter": "4",
    "SnapshotName": "Book: 1, Act: 4, Chapter: 4"
  },
  {
    "Book": "1",
    "Act": "4",
    "Chapter": "5",
    "SnapshotName": "Book: 1, Act: 4, Chapter: 5"
  },
  {
    "Book": "1",
    "Act": "4",
    "Chapter": "6",
    "SnapshotName": "Book: 1, Act: 4, Chapter: 6"
  },
  {
    "Book": "1",
    "Act": "4",
    "Chapter": "7",
    "SnapshotName": "Book: 1, Act: 4, Chapter: 7"
  },
  {
    "Book": "1",
    "Act": "4",
    "Chapter": "8",
    "SnapshotName": "Book: 1, Act: 4, Chapter: 8"
  },
  {
    "Book": "1",
    "Act": "4",
    "Chapter": "9",
    "SnapshotName": "Book: 1, Act: 4, Chapter: 9"
  },
  {
    "Book": "1",
    "Act": "4",
    "Chapter": "10",
    "SnapshotName": "Book: 1, Act: 4, Chapter: 10"
  },
  {
    "Book": "1",
    "Act": "5",
    "Chapter": "1",
    "SnapshotName": "Book: 1, Act: 5, Chapter: 1"
  },
  {
    "Book": "1",
    "Act": "5",
    "Chapter": "2",
    "SnapshotName": "Book: 1, Act: 5, Chapter: 2"
  },
  {
    "Book": "1",
    "Act": "5",
    "Chapter": "3",
    "SnapshotName": "Book: 1, Act: 5, Chapter: 3"
  },
  {
    "Book": "1",
    "Act": "5",
    "Chapter": "4",
    "SnapshotName": "Book: 1, Act: 5, Chapter: 4"
  },
  {
    "Book": "1",
    "Act": "5",
    "Chapter": "5",
    "SnapshotName": "Book: 1, Act: 5, Chapter: 5"
  },
  {
    "Book": "1",
    "Act": "5",
    "Chapter": "6",
    "SnapshotName": "Book: 1, Act: 5, Chapter: 6"
  },
  {
    "Book": "1",
    "Act": "5",
    "Chapter": "7",
    "SnapshotName": "Book: 1, Act: 5, Chapter: 7"
  },
  {
    "Book": "1",
    "Act": "5",
    "Chapter": "8",
    "SnapshotName": "Book: 1, Act: 5, Chapter: 8"
  },
  {
    "Book": "1",
    "Act": "5",
    "Chapter": "9",
    "SnapshotName": "Book: 1, Act: 5, Chapter: 9"
  },
  {
    "Book": "1",
    "Act": "5",
    "Chapter": "10",
    "SnapshotName": "Book: 1, Act: 5, Chapter: 10"
  },
  {
    "Book": "1",
    "Act": "6",
    "Chapter": "1",
    "SnapshotName": "Book: 1, Act: 6, Chapter: 1"
  },
  {
    "Book": "1",
    "Act": "6",
    "Chapter": "2",
    "SnapshotName": "Book: 1, Act: 6, Chapter: 2"
  },
  {
    "Book": "1",
    "Act": "6",
    "Chapter": "3",
    "SnapshotName": "Book: 1, Act: 6, Chapter: 3"
  },
  {
    "Book": "1",
    "Act": "6",
    "Chapter": "4",
    "SnapshotName": "Book: 1, Act: 6, Chapter: 4"
  },
  {
    "Book": "1",
    "Act": "6",
    "Chapter": "5",
    "SnapshotName": "Book: 1, Act: 6, Chapter: 5"
  },
  {
    "Book": "1",
    "Act": "6",
    "Chapter": "6",
    "SnapshotName": "Book: 1, Act: 6, Chapter: 6"
  },
  {
    "Book": "1",
    "Act": "6",
    "Chapter": "7",
    "SnapshotName": "Book: 1, Act: 6, Chapter: 7"
  },
  {
    "Book": "1",
    "Act": "6",
    "Chapter": "8",
    "SnapshotName": "Book: 1, Act: 6, Chapter: 8"
  },
  {
    "Book": "1",
    "Act": "6",
    "Chapter": "9",
    "SnapshotName": "Book: 1, Act: 6, Chapter: 9"
  },
  {
    "Book": "1",
    "Act": "6",
    "Chapter": "10",
    "SnapshotName": "Book: 1, Act: 6, Chapter: 10"
  },
  {
    "Book": "1",
    "Act": "7",
    "Chapter": "1",
    "SnapshotName": "Book: 1, Act: 7, Chapter: 1"
  },
  {
    "Book": "1",
    "Act": "7",
    "Chapter": "2",
    "SnapshotName": "Book: 1, Act: 7, Chapter: 2"
  },
  {
    "Book": "1",
    "Act": "7",
    "Chapter": "3",
    "SnapshotName": "Book: 1, Act: 7, Chapter: 3"
  },
  {
    "Book": "1",
    "Act": "7",
    "Chapter": "4",
    "SnapshotName": "Book: 1, Act: 7, Chapter: 4"
  },
  {
    "Book": "1",
    "Act": "7",
    "Chapter": "5",
    "SnapshotName": "Book: 1, Act: 7, Chapter: 5"
  },
  {
    "Book": "1",
    "Act": "7",
    "Chapter": "6",
    "SnapshotName": "Book: 1, Act: 7, Chapter: 6"
  },
  {
    "Book": "1",
    "Act": "7",
    "Chapter": "7",
    "SnapshotName": "Book: 1, Act: 7, Chapter: 7"
  },
  {
    "Book": "1",
    "Act": "7",
    "Chapter": "8",
    "SnapshotName": "Book: 1, Act: 7, Chapter: 8"
  },
  {
    "Book": "1",
    "Act": "7",
    "Chapter": "9",
    "SnapshotName": "Book: 1, Act: 7, Chapter: 9"
  },
  {
    "Book": "1",
    "Act": "7",
    "Chapter": "10",
    "SnapshotName": "Book: 1, Act: 7, Chapter: 10"
  },
  {
    "Book": "1",
    "Act": "8",
    "Chapter": "1",
    "SnapshotName": "Book: 1, Act: 8, Chapter: 1"
  },
  {
    "Book": "1",
    "Act": "8",
    "Chapter": "2",
    "SnapshotName": "Book: 1, Act: 8, Chapter: 2"
  },
  {
    "Book": "1",
    "Act": "8",
    "Chapter": "3",
    "SnapshotName": "Book: 1, Act: 8, Chapter: 3"
  },
  {
    "Book": "1",
    "Act": "8",
    "Chapter": "4",
    "SnapshotName": "Book: 1, Act: 8, Chapter: 4"
  },
  {
    "Book": "1",
    "Act": "8",
    "Chapter": "5",
    "SnapshotName": "Book: 1, Act: 8, Chapter: 5"
  },
  {
    "Book": "1",
    "Act": "8",
    "Chapter": "6",
    "SnapshotName": "Book: 1, Act: 8, Chapter: 6"
  },
  {
    "Book": "1",
    "Act": "8",
    "Chapter": "7",
    "SnapshotName": "Book: 1, Act: 8, Chapter: 7"
  },
  {
    "Book": "1",
    "Act": "8",
    "Chapter": "8",
    "SnapshotName": "Book: 1, Act: 8, Chapter: 8"
  },
  {
    "Book": "1",
    "Act": "8",
    "Chapter": "9",
    "SnapshotName": "Book: 1, Act: 8, Chapter: 9"
  },
  {
    "Book": "1",
    "Act": "8",
    "Chapter": "10",
    "SnapshotName": "Book: 1, Act: 8, Chapter: 10"
  },
  {
    "Book": "1",
    "Act": "9",
    "Chapter": "1",
    "SnapshotName": "Book: 1, Act: 9, Chapter: 1"
  },
  {
    "Book": "1",
    "Act": "9",
    "Chapter": "2",
    "SnapshotName": "Book: 1, Act: 9, Chapter: 2"
  },
  {
    "Book": "1",
    "Act": "9",
    "Chapter": "3",
    "SnapshotName": "Book: 1, Act: 9, Chapter: 3"
  },
  {
    "Book": "1",
    "Act": "9",
    "Chapter": "4",
    "SnapshotName": "Book: 1, Act: 9, Chapter: 4"
  },
  {
    "Book": "1",
    "Act": "9",
    "Chapter": "5",
    "SnapshotName": "Book: 1, Act: 9, Chapter: 5"
  },
  {
    "Book": "1",
    "Act": "9",
    "Chapter": "6",
    "SnapshotName": "Book: 1, Act: 9, Chapter: 6"
  },
  {
    "Book": "1",
    "Act": "9",
    "Chapter": "7",
    "SnapshotName": "Book: 1, Act: 9, Chapter: 7"
  },
  {
    "Book": "1",
    "Act": "9",
    "Chapter": "8",
    "SnapshotName": "Book: 1, Act: 9, Chapter: 8"
  },
  {
    "Book": "1",
    "Act": "9",
    "Chapter": "9",
    "SnapshotName": "Book: 1, Act: 9, Chapter: 9"
  },
  {
    "Book": "1",
    "Act": "9",
    "Chapter": "10",
    "SnapshotName": "Book: 1, Act: 9, Chapter: 10"
  },
  {
    "Book": "1",
    "Act": "10",
    "Chapter": "1",
    "SnapshotName": "Book: 1, Act: 10, Chapter: 1"
  },
  {
    "Book": "1",
    "Act": "10",
    "Chapter": "2",
    "SnapshotName": "Book: 1, Act: 10, Chapter: 2"
  },
  {
    "Book": "1",
    "Act": "10",
    "Chapter": "3",
    "SnapshotName": "Book: 1, Act: 10, Chapter: 3"
  },
  {
    "Book": "1",
    "Act": "10",
    "Chapter": "4",
    "SnapshotName": "Book: 1, Act: 10, Chapter: 4"
  },
  {
    "Book": "1",
    "Act": "10",
    "Chapter": "5",
    "SnapshotName": "Book: 1, Act: 10, Chapter: 5"
  },
  {
    "Book": "1",
    "Act": "10",
    "Chapter": "6",
    "SnapshotName": "Book: 1, Act: 10, Chapter: 6"
  },
  {
    "Book": "1",
    "Act": "10",
    "Chapter": "7",
    "SnapshotName": "Book: 1, Act: 10, Chapter: 7"
  },
  {
    "Book": "1",
    "Act": "10",
    "Chapter": "8",
    "SnapshotName": "Book: 1, Act: 10, Chapter: 8"
  },
  {
    "Book": "1",
    "Act": "10",
    "Chapter": "9",
    "SnapshotName": "Book: 1, Act: 10, Chapter: 9"
  },
  {
    "Book": "1",
    "Act": "10",
    "Chapter": "10",
    "SnapshotName": "Book: 1, Act: 10, Chapter: 10"
  },
  {
    "Book": "2",
    "Act": "1",
    "Chapter": "1",
    "SnapshotName": "Book: 2, Act: 1, Chapter: 1"
  },
  {
    "Book": "2",
    "Act": "1",
    "Chapter": "2",
    "SnapshotName": "Book: 2, Act: 1, Chapter: 2"
  },
  {
    "Book": "2",
    "Act": "1",
    "Chapter": "3",
    "SnapshotName": "Book: 2, Act: 1, Chapter: 3"
  },
  {
    "Book": "2",
    "Act": "1",
    "Chapter": "4",
    "SnapshotName": "Book: 2, Act: 1, Chapter: 4"
  },
  {
    "Book": "2",
    "Act": "1",
    "Chapter": "5",
    "SnapshotName": "Book: 2, Act: 1, Chapter: 5"
  },
  {
    "Book": "2",
    "Act": "1",
    "Chapter": "6",
    "SnapshotName": "Book: 2, Act: 1, Chapter: 6"
  },
  {
    "Book": "2",
    "Act": "1",
    "Chapter": "7",
    "SnapshotName": "Book: 2, Act: 1, Chapter: 7"
  },
  {
    "Book": "2",
    "Act": "1",
    "Chapter": "8",
    "SnapshotName": "Book: 2, Act: 1, Chapter: 8"
  },
  {
    "Book": "2",
    "Act": "1",
    "Chapter": "9",
    "SnapshotName": "Book: 2, Act: 1, Chapter: 9"
  },
  {
    "Book": "2",
    "Act": "1",
    "Chapter": "10",
    "SnapshotName": "Book: 2, Act: 1, Chapter: 10"
  },
  {
    "Book": "2",
    "Act": "2",
    "Chapter": "1",
    "SnapshotName": "Book: 2, Act: 2, Chapter: 1"
  },
  {
    "Book": "2",
    "Act": "2",
    "Chapter": "2",
    "SnapshotName": "Book: 2, Act: 2, Chapter: 2"
  },
  {
    "Book": "2",
    "Act": "2",
    "Chapter": "3",
    "SnapshotName": "Book: 2, Act: 2, Chapter: 3"
  },
  {
    "Book": "2",
    "Act": "2",
    "Chapter": "4",
    "SnapshotName": "Book: 2, Act: 2, Chapter: 4"
  },
  {
    "Book": "2",
    "Act": "2",
    "Chapter": "5",
    "SnapshotName": "Book: 2, Act: 2, Chapter: 5"
  },
  {
    "Book": "2",
    "Act": "2",
    "Chapter": "6",
    "SnapshotName": "Book: 2, Act: 2, Chapter: 6"
  },
  {
    "Book": "2",
    "Act": "2",
    "Chapter": "7",
    "SnapshotName": "Book: 2, Act: 2, Chapter: 7"
  },
  {
    "Book": "2",
    "Act": "2",
    "Chapter": "8",
    "SnapshotName": "Book: 2, Act: 2, Chapter: 8"
  },
  {
    "Book": "2",
    "Act": "2",
    "Chapter": "9",
    "SnapshotName": "Book: 2, Act: 2, Chapter: 9"
  },
  {
    "Book": "2",
    "Act": "2",
    "Chapter": "10",
    "SnapshotName": "Book: 2, Act: 2, Chapter: 10"
  },
  {
    "Book": "2",
    "Act": "3",
    "Chapter": "1",
    "SnapshotName": "Book: 2, Act: 3, Chapter: 1"
  },
  {
    "Book": "2",
    "Act": "3",
    "Chapter": "2",
    "SnapshotName": "Book: 2, Act: 3, Chapter: 2"
  },
  {
    "Book": "2",
    "Act": "3",
    "Chapter": "3",
    "SnapshotName": "Book: 2, Act: 3, Chapter: 3"
  },
  {
    "Book": "2",
    "Act": "3",
    "Chapter": "4",
    "SnapshotName": "Book: 2, Act: 3, Chapter: 4"
  },
  {
    "Book": "2",
    "Act": "3",
    "Chapter": "5",
    "SnapshotName": "Book: 2, Act: 3, Chapter: 5"
  },
  {
    "Book": "2",
    "Act": "3",
    "Chapter": "6",
    "SnapshotName": "Book: 2, Act: 3, Chapter: 6"
  },
  {
    "Book": "2",
    "Act": "3",
    "Chapter": "7",
    "SnapshotName": "Book: 2, Act: 3, Chapter: 7"
  },
  {
    "Book": "2",
    "Act": "3",
    "Chapter": "8",
    "SnapshotName": "Book: 2, Act: 3, Chapter: 8"
  },
  {
    "Book": "2",
    "Act": "3",
    "Chapter": "9",
    "SnapshotName": "Book: 2, Act: 3, Chapter: 9"
  },
  {
    "Book": "2",
    "Act": "3",
    "Chapter": "10",
    "SnapshotName": "Book: 2, Act: 3, Chapter: 10"
  },
  {
    "Book": "2",
    "Act": "4",
    "Chapter": "1",
    "SnapshotName": "Book: 2, Act: 4, Chapter: 1"
  },
  {
    "Book": "2",
    "Act": "4",
    "Chapter": "2",
    "SnapshotName": "Book: 2, Act: 4, Chapter: 2"
  },
  {
    "Book": "2",
    "Act": "4",
    "Chapter": "3",
    "SnapshotName": "Book: 2, Act: 4, Chapter: 3"
  },
  {
    "Book": "2",
    "Act": "4",
    "Chapter": "4",
    "SnapshotName": "Book: 2, Act: 4, Chapter: 4"
  },
  {
    "Book": "2",
    "Act": "4",
    "Chapter": "5",
    "SnapshotName": "Book: 2, Act: 4, Chapter: 5"
  },
  {
    "Book": "2",
    "Act": "4",
    "Chapter": "6",
    "SnapshotName": "Book: 2, Act: 4, Chapter: 6"
  },
  {
    "Book": "2",
    "Act": "4",
    "Chapter": "7",
    "SnapshotName": "Book: 2, Act: 4, Chapter: 7"
  },
  {
    "Book": "2",
    "Act": "4",
    "Chapter": "8",
    "SnapshotName": "Book: 2, Act: 4, Chapter: 8"
  },
  {
    "Book": "2",
    "Act": "4",
    "Chapter": "9",
    "SnapshotName": "Book: 2, Act: 4, Chapter: 9"
  },
  {
    "Book": "2",
    "Act": "4",
    "Chapter": "10",
    "SnapshotName": "Book: 2, Act: 4, Chapter: 10"
  },
  {
    "Book": "2",
    "Act": "5",
    "Chapter": "1",
    "SnapshotName": "Book: 2, Act: 5, Chapter: 1"
  },
  {
    "Book": "2",
    "Act": "5",
    "Chapter": "2",
    "SnapshotName": "Book: 2, Act: 5, Chapter: 2"
  },
  {
    "Book": "2",
    "Act": "5",
    "Chapter": "3",
    "SnapshotName": "Book: 2, Act: 5, Chapter: 3"
  },
  {
    "Book": "2",
    "Act": "5",
    "Chapter": "4",
    "SnapshotName": "Book: 2, Act: 5, Chapter: 4"
  },
  {
    "Book": "2",
    "Act": "5",
    "Chapter": "5",
    "SnapshotName": "Book: 2, Act: 5, Chapter: 5"
  },
  {
    "Book": "2",
    "Act": "5",
    "Chapter": "6",
    "SnapshotName": "Book: 2, Act: 5, Chapter: 6"
  },
  {
    "Book": "2",
    "Act": "5",
    "Chapter": "7",
    "SnapshotName": "Book: 2, Act: 5, Chapter: 7"
  },
  {
    "Book": "2",
    "Act": "5",
    "Chapter": "8",
    "SnapshotName": "Book: 2, Act: 5, Chapter: 8"
  },
  {
    "Book": "2",
    "Act": "5",
    "Chapter": "9",
    "SnapshotName": "Book: 2, Act: 5, Chapter: 9"
  },
  {
    "Book": "2",
    "Act": "5",
    "Chapter": "10",
    "SnapshotName": "Book: 2, Act: 5, Chapter: 10"
  },
  {
    "Book": "2",
    "Act": "6",
    "Chapter": "1",
    "SnapshotName": "Book: 2, Act: 6, Chapter: 1"
  },
  {
    "Book": "2",
    "Act": "6",
    "Chapter": "2",
    "SnapshotName": "Book: 2, Act: 6, Chapter: 2"
  },
  {
    "Book": "2",
    "Act": "6",
    "Chapter": "3",
    "SnapshotName": "Book: 2, Act: 6, Chapter: 3"
  },
  {
    "Book": "2",
    "Act": "6",
    "Chapter": "4",
    "SnapshotName": "Book: 2, Act: 6, Chapter: 4"
  },
  {
    "Book": "2",
    "Act": "6",
    "Chapter": "5",
    "SnapshotName": "Book: 2, Act: 6, Chapter: 5"
  },
  {
    "Book": "2",
    "Act": "6",
    "Chapter": "6",
    "SnapshotName": "Book: 2, Act: 6, Chapter: 6"
  },
  {
    "Book": "2",
    "Act": "6",
    "Chapter": "7",
    "SnapshotName": "Book: 2, Act: 6, Chapter: 7"
  },
  {
    "Book": "2",
    "Act": "6",
    "Chapter": "8",
    "SnapshotName": "Book: 2, Act: 6, Chapter: 8"
  },
  {
    "Book": "2",
    "Act": "6",
    "Chapter": "9",
    "SnapshotName": "Book: 2, Act: 6, Chapter: 9"
  },
  {
    "Book": "2",
    "Act": "6",
    "Chapter": "10",
    "SnapshotName": "Book: 2, Act: 6, Chapter: 10"
  },
  {
    "Book": "2",
    "Act": "7",
    "Chapter": "1",
    "SnapshotName": "Book: 2, Act: 7, Chapter: 1"
  },
  {
    "Book": "2",
    "Act": "7",
    "Chapter": "2",
    "SnapshotName": "Book: 2, Act: 7, Chapter: 2"
  },
  {
    "Book": "2",
    "Act": "7",
    "Chapter": "3",
    "SnapshotName": "Book: 2, Act: 7, Chapter: 3"
  },
  {
    "Book": "2",
    "Act": "7",
    "Chapter": "4",
    "SnapshotName": "Book: 2, Act: 7, Chapter: 4"
  },
  {
    "Book": "2",
    "Act": "7",
    "Chapter": "5",
    "SnapshotName": "Book: 2, Act: 7, Chapter: 5"
  },
  {
    "Book": "2",
    "Act": "7",
    "Chapter": "6",
    "SnapshotName": "Book: 2, Act: 7, Chapter: 6"
  },
  {
    "Book": "2",
    "Act": "7",
    "Chapter": "7",
    "SnapshotName": "Book: 2, Act: 7, Chapter: 7"
  },
  {
    "Book": "2",
    "Act": "7",
    "Chapter": "8",
    "SnapshotName": "Book: 2, Act: 7, Chapter: 8"
  },
  {
    "Book": "2",
    "Act": "7",
    "Chapter": "9",
    "SnapshotName": "Book: 2, Act: 7, Chapter: 9"
  },
  {
    "Book": "2",
    "Act": "7",
    "Chapter": "10",
    "SnapshotName": "Book: 2, Act: 7, Chapter: 10"
  },
  {
    "Book": "2",
    "Act": "8",
    "Chapter": "1",
    "SnapshotName": "Book: 2, Act: 8, Chapter: 1"
  },
  {
    "Book": "2",
    "Act": "8",
    "Chapter": "2",
    "SnapshotName": "Book: 2, Act: 8, Chapter: 2"
  },
  {
    "Book": "2",
    "Act": "8",
    "Chapter": "3",
    "SnapshotName": "Book: 2, Act: 8, Chapter: 3"
  },
  {
    "Book": "2",
    "Act": "8",
    "Chapter": "4",
    "SnapshotName": "Book: 2, Act: 8, Chapter: 4"
  },
  {
    "Book": "2",
    "Act": "8",
    "Chapter": "5",
    "SnapshotName": "Book: 2, Act: 8, Chapter: 5"
  },
  {
    "Book": "2",
    "Act": "8",
    "Chapter": "6",
    "SnapshotName": "Book: 2, Act: 8, Chapter: 6"
  },
  {
    "Book": "2",
    "Act": "8",
    "Chapter": "7",
    "SnapshotName": "Book: 2, Act: 8, Chapter: 7"
  },
  {
    "Book": "2",
    "Act": "8",
    "Chapter": "8",
    "SnapshotName": "Book: 2, Act: 8, Chapter: 8"
  },
  {
    "Book": "2",
    "Act": "8",
    "Chapter": "9",
    "SnapshotName": "Book: 2, Act: 8, Chapter: 9"
  },
  {
    "Book": "2",
    "Act": "8",
    "Chapter": "10",
    "SnapshotName": "Book: 2, Act: 8, Chapter: 10"
  },
  {
    "Book": "2",
    "Act": "9",
    "Chapter": "1",
    "SnapshotName": "Book: 2, Act: 9, Chapter: 1"
  },
  {
    "Book": "2",
    "Act": "9",
    "Chapter": "2",
    "SnapshotName": "Book: 2, Act: 9, Chapter: 2"
  },
  {
    "Book": "2",
    "Act": "9",
    "Chapter": "3",
    "SnapshotName": "Book: 2, Act: 9, Chapter: 3"
  },
  {
    "Book": "2",
    "Act": "9",
    "Chapter": "4",
    "SnapshotName": "Book: 2, Act: 9, Chapter: 4"
  },
  {
    "Book": "2",
    "Act": "9",
    "Chapter": "5",
    "SnapshotName": "Book: 2, Act: 9, Chapter: 5"
  },
  {
    "Book": "2",
    "Act": "9",
    "Chapter": "6",
    "SnapshotName": "Book: 2, Act: 9, Chapter: 6"
  },
  {
    "Book": "2",
    "Act": "9",
    "Chapter": "7",
    "SnapshotName": "Book: 2, Act: 9, Chapter: 7"
  },
  {
    "Book": "2",
    "Act": "9",
    "Chapter": "8",
    "SnapshotName": "Book: 2, Act: 9, Chapter: 8"
  },
  {
    "Book": "2",
    "Act": "9",
    "Chapter": "9",
    "SnapshotName": "Book: 2, Act: 9, Chapter: 9"
  },
  {
    "Book": "2",
    "Act": "9",
    "Chapter": "10",
    "SnapshotName": "Book: 2, Act: 9, Chapter: 10"
  },
  {
    "Book": "2",
    "Act": "10",
    "Chapter": "1",
    "SnapshotName": "Book: 2, Act: 10, Chapter: 1"
  },
  {
    "Book": "2",
    "Act": "10",
    "Chapter": "2",
    "SnapshotName": "Book: 2, Act: 10, Chapter: 2"
  },
  {
    "Book": "2",
    "Act": "10",
    "Chapter": "3",
    "SnapshotName": "Book: 2, Act: 10, Chapter: 3"
  },
  {
    "Book": "2",
    "Act": "10",
    "Chapter": "4",
    "SnapshotName": "Book: 2, Act: 10, Chapter: 4"
  },
  {
    "Book": "2",
    "Act": "10",
    "Chapter": "5",
    "SnapshotName": "Book: 2, Act: 10, Chapter: 5"
  },
  {
    "Book": "2",
    "Act": "10",
    "Chapter": "6",
    "SnapshotName": "Book: 2, Act: 10, Chapter: 6"
  },
  {
    "Book": "2",
    "Act": "10",
    "Chapter": "7",
    "SnapshotName": "Book: 2, Act: 10, Chapter: 7"
  },
  {
    "Book": "2",
    "Act": "10",
    "Chapter": "8",
    "SnapshotName": "Book: 2, Act: 10, Chapter: 8"
  },
  {
    "Book": "2",
    "Act": "10",
    "Chapter": "9",
    "SnapshotName": "Book: 2, Act: 10, Chapter: 9"
  },
  {
    "Book": "2",
    "Act": "10",
    "Chapter": "10",
    "SnapshotName": "Book: 2, Act: 10, Chapter: 10"
  },
  {
    "Book": "3",
    "Act": "1",
    "Chapter": "1",
    "SnapshotName": "Book: 3, Act: 1, Chapter: 1"
  },
  {
    "Book": "3",
    "Act": "1",
    "Chapter": "2",
    "SnapshotName": "Book: 3, Act: 1, Chapter: 2"
  },
  {
    "Book": "3",
    "Act": "1",
    "Chapter": "3",
    "SnapshotName": "Book: 3, Act: 1, Chapter: 3"
  },
  {
    "Book": "3",
    "Act": "1",
    "Chapter": "4",
    "SnapshotName": "Book: 3, Act: 1, Chapter: 4"
  },
  {
    "Book": "3",
    "Act": "1",
    "Chapter": "5",
    "SnapshotName": "Book: 3, Act: 1, Chapter: 5"
  },
  {
    "Book": "3",
    "Act": "1",
    "Chapter": "6",
    "SnapshotName": "Book: 3, Act: 1, Chapter: 6"
  },
  {
    "Book": "3",
    "Act": "1",
    "Chapter": "7",
    "SnapshotName": "Book: 3, Act: 1, Chapter: 7"
  },
  {
    "Book": "3",
    "Act": "1",
    "Chapter": "8",
    "SnapshotName": "Book: 3, Act: 1, Chapter: 8"
  },
  {
    "Book": "3",
    "Act": "1",
    "Chapter": "9",
    "SnapshotName": "Book: 3, Act: 1, Chapter: 9"
  },
  {
    "Book": "3",
    "Act": "1",
    "Chapter": "10",
    "SnapshotName": "Book: 3, Act: 1, Chapter: 10"
  },
  {
    "Book": "3",
    "Act": "2",
    "Chapter": "1",
    "SnapshotName": "Book: 3, Act: 2, Chapter: 1"
  },
  {
    "Book": "3",
    "Act": "2",
    "Chapter": "2",
    "SnapshotName": "Book: 3, Act: 2, Chapter: 2"
  },
  {
    "Book": "3",
    "Act": "2",
    "Chapter": "3",
    "SnapshotName": "Book: 3, Act: 2, Chapter: 3"
  },
  {
    "Book": "3",
    "Act": "2",
    "Chapter": "4",
    "SnapshotName": "Book: 3, Act: 2, Chapter: 4"
  },
  {
    "Book": "3",
    "Act": "2",
    "Chapter": "5",
    "SnapshotName": "Book: 3, Act: 2, Chapter: 5"
  },
  {
    "Book": "3",
    "Act": "2",
    "Chapter": "6",
    "SnapshotName": "Book: 3, Act: 2, Chapter: 6"
  },
  {
    "Book": "3",
    "Act": "2",
    "Chapter": "7",
    "SnapshotName": "Book: 3, Act: 2, Chapter: 7"
  },
  {
    "Book": "3",
    "Act": "2",
    "Chapter": "8",
    "SnapshotName": "Book: 3, Act: 2, Chapter: 8"
  },
  {
    "Book": "3",
    "Act": "2",
    "Chapter": "9",
    "SnapshotName": "Book: 3, Act: 2, Chapter: 9"
  },
  {
    "Book": "3",
    "Act": "2",
    "Chapter": "10",
    "SnapshotName": "Book: 3, Act: 2, Chapter: 10"
  },
  {
    "Book": "3",
    "Act": "3",
    "Chapter": "1",
    "SnapshotName": "Book: 3, Act: 3, Chapter: 1"
  },
  {
    "Book": "3",
    "Act": "3",
    "Chapter": "2",
    "SnapshotName": "Book: 3, Act: 3, Chapter: 2"
  },
  {
    "Book": "3",
    "Act": "3",
    "Chapter": "3",
    "SnapshotName": "Book: 3, Act: 3, Chapter: 3"
  },
  {
    "Book": "3",
    "Act": "3",
    "Chapter": "4",
    "SnapshotName": "Book: 3, Act: 3, Chapter: 4"
  },
  {
    "Book": "3",
    "Act": "3",
    "Chapter": "5",
    "SnapshotName": "Book: 3, Act: 3, Chapter: 5"
  },
  {
    "Book": "3",
    "Act": "3",
    "Chapter": "6",
    "SnapshotName": "Book: 3, Act: 3, Chapter: 6"
  },
  {
    "Book": "3",
    "Act": "3",
    "Chapter": "7",
    "SnapshotName": "Book: 3, Act: 3, Chapter: 7"
  },
  {
    "Book": "3",
    "Act": "3",
    "Chapter": "8",
    "SnapshotName": "Book: 3, Act: 3, Chapter: 8"
  },
  {
    "Book": "3",
    "Act": "3",
    "Chapter": "9",
    "SnapshotName": "Book: 3, Act: 3, Chapter: 9"
  },
  {
    "Book": "3",
    "Act": "3",
    "Chapter": "10",
    "SnapshotName": "Book: 3, Act: 3, Chapter: 10"
  },
  {
    "Book": "3",
    "Act": "4",
    "Chapter": "1",
    "SnapshotName": "Book: 3, Act: 4, Chapter: 1"
  },
  {
    "Book": "3",
    "Act": "4",
    "Chapter": "2",
    "SnapshotName": "Book: 3, Act: 4, Chapter: 2"
  },
  {
    "Book": "3",
    "Act": "4",
    "Chapter": "3",
    "SnapshotName": "Book: 3, Act: 4, Chapter: 3"
  },
  {
    "Book": "3",
    "Act": "4",
    "Chapter": "4",
    "SnapshotName": "Book: 3, Act: 4, Chapter: 4"
  },
  {
    "Book": "3",
    "Act": "4",
    "Chapter": "5",
    "SnapshotName": "Book: 3, Act: 4, Chapter: 5"
  },
  {
    "Book": "3",
    "Act": "4",
    "Chapter": "6",
    "SnapshotName": "Book: 3, Act: 4, Chapter: 6"
  },
  {
    "Book": "3",
    "Act": "4",
    "Chapter": "7",
    "SnapshotName": "Book: 3, Act: 4, Chapter: 7"
  },
  {
    "Book": "3",
    "Act": "4",
    "Chapter": "8",
    "SnapshotName": "Book: 3, Act: 4, Chapter: 8"
  },
  {
    "Book": "3",
    "Act": "4",
    "Chapter": "9",
    "SnapshotName": "Book: 3, Act: 4, Chapter: 9"
  },
  {
    "Book": "3",
    "Act": "4",
    "Chapter": "10",
    "SnapshotName": "Book: 3, Act: 4, Chapter: 10"
  },
  {
    "Book": "3",
    "Act": "5",
    "Chapter": "1",
    "SnapshotName": "Book: 3, Act: 5, Chapter: 1"
  },
  {
    "Book": "3",
    "Act": "5",
    "Chapter": "2",
    "SnapshotName": "Book: 3, Act: 5, Chapter: 2"
  },
  {
    "Book": "3",
    "Act": "5",
    "Chapter": "3",
    "SnapshotName": "Book: 3, Act: 5, Chapter: 3"
  },
  {
    "Book": "3",
    "Act": "5",
    "Chapter": "4",
    "SnapshotName": "Book: 3, Act: 5, Chapter: 4"
  },
  {
    "Book": "3",
    "Act": "5",
    "Chapter": "5",
    "SnapshotName": "Book: 3, Act: 5, Chapter: 5"
  },
  {
    "Book": "3",
    "Act": "5",
    "Chapter": "6",
    "SnapshotName": "Book: 3, Act: 5, Chapter: 6"
  },
  {
    "Book": "3",
    "Act": "5",
    "Chapter": "7",
    "SnapshotName": "Book: 3, Act: 5, Chapter: 7"
  },
  {
    "Book": "3",
    "Act": "5",
    "Chapter": "8",
    "SnapshotName": "Book: 3, Act: 5, Chapter: 8"
  },
  {
    "Book": "3",
    "Act": "5",
    "Chapter": "9",
    "SnapshotName": "Book: 3, Act: 5, Chapter: 9"
  },
  {
    "Book": "3",
    "Act": "5",
    "Chapter": "10",
    "SnapshotName": "Book: 3, Act: 5, Chapter: 10"
  },
  {
    "Book": "3",
    "Act": "6",
    "Chapter": "1",
    "SnapshotName": "Book: 3, Act: 6, Chapter: 1"
  },
  {
    "Book": "3",
    "Act": "6",
    "Chapter": "2",
    "SnapshotName": "Book: 3, Act: 6, Chapter: 2"
  },
  {
    "Book": "3",
    "Act": "6",
    "Chapter": "3",
    "SnapshotName": "Book: 3, Act: 6, Chapter: 3"
  },
  {
    "Book": "3",
    "Act": "6",
    "Chapter": "4",
    "SnapshotName": "Book: 3, Act: 6, Chapter: 4"
  },
  {
    "Book": "3",
    "Act": "6",
    "Chapter": "5",
    "SnapshotName": "Book: 3, Act: 6, Chapter: 5"
  },
  {
    "Book": "3",
    "Act": "6",
    "Chapter": "6",
    "SnapshotName": "Book: 3, Act: 6, Chapter: 6"
  },
  {
    "Book": "3",
    "Act": "6",
    "Chapter": "7",
    "SnapshotName": "Book: 3, Act: 6, Chapter: 7"
  },
  {
    "Book": "3",
    "Act": "6",
    "Chapter": "8",
    "SnapshotName": "Book: 3, Act: 6, Chapter: 8"
  },
  {
    "Book": "3",
    "Act": "6",
    "Chapter": "9",
    "SnapshotName": "Book: 3, Act: 6, Chapter: 9"
  },
  {
    "Book": "3",
    "Act": "6",
    "Chapter": "10",
    "SnapshotName": "Book: 3, Act: 6, Chapter: 10"
  },
  {
    "Book": "3",
    "Act": "7",
    "Chapter": "1",
    "SnapshotName": "Book: 3, Act: 7, Chapter: 1"
  },
  {
    "Book": "3",
    "Act": "7",
    "Chapter": "2",
    "SnapshotName": "Book: 3, Act: 7, Chapter: 2"
  },
  {
    "Book": "3",
    "Act": "7",
    "Chapter": "3",
    "SnapshotName": "Book: 3, Act: 7, Chapter: 3"
  },
  {
    "Book": "3",
    "Act": "7",
    "Chapter": "4",
    "SnapshotName": "Book: 3, Act: 7, Chapter: 4"
  },
  {
    "Book": "3",
    "Act": "7",
    "Chapter": "5",
    "SnapshotName": "Book: 3, Act: 7, Chapter: 5"
  },
  {
    "Book": "3",
    "Act": "7",
    "Chapter": "6",
    "SnapshotName": "Book: 3, Act: 7, Chapter: 6"
  },
  {
    "Book": "3",
    "Act": "7",
    "Chapter": "7",
    "SnapshotName": "Book: 3, Act: 7, Chapter: 7"
  },
  {
    "Book": "3",
    "Act": "7",
    "Chapter": "8",
    "SnapshotName": "Book: 3, Act: 7, Chapter: 8"
  },
  {
    "Book": "3",
    "Act": "7",
    "Chapter": "9",
    "SnapshotName": "Book: 3, Act: 7, Chapter: 9"
  },
  {
    "Book": "3",
    "Act": "7",
    "Chapter": "10",
    "SnapshotName": "Book: 3, Act: 7, Chapter: 10"
  },
  {
    "Book": "3",
    "Act": "8",
    "Chapter": "1",
    "SnapshotName": "Book: 3, Act: 8, Chapter: 1"
  },
  {
    "Book": "3",
    "Act": "8",
    "Chapter": "2",
    "SnapshotName": "Book: 3, Act: 8, Chapter: 2"
  },
  {
    "Book": "3",
    "Act": "8",
    "Chapter": "3",
    "SnapshotName": "Book: 3, Act: 8, Chapter: 3"
  },
  {
    "Book": "3",
    "Act": "8",
    "Chapter": "4",
    "SnapshotName": "Book: 3, Act: 8, Chapter: 4"
  },
  {
    "Book": "3",
    "Act": "8",
    "Chapter": "5",
    "SnapshotName": "Book: 3, Act: 8, Chapter: 5"
  },
  {
    "Book": "3",
    "Act": "8",
    "Chapter": "6",
    "SnapshotName": "Book: 3, Act: 8, Chapter: 6"
  },
  {
    "Book": "3",
    "Act": "8",
    "Chapter": "7",
    "SnapshotName": "Book: 3, Act: 8, Chapter: 7"
  },
  {
    "Book": "3",
    "Act": "8",
    "Chapter": "8",
    "SnapshotName": "Book: 3, Act: 8, Chapter: 8"
  },
  {
    "Book": "3",
    "Act": "8",
    "Chapter": "9",
    "SnapshotName": "Book: 3, Act: 8, Chapter: 9"
  },
  {
    "Book": "3",
    "Act": "8",
    "Chapter": "10",
    "SnapshotName": "Book: 3, Act: 8, Chapter: 10"
  },
  {
    "Book": "3",
    "Act": "9",
    "Chapter": "1",
    "SnapshotName": "Book: 3, Act: 9, Chapter: 1"
  },
  {
    "Book": "3",
    "Act": "9",
    "Chapter": "2",
    "SnapshotName": "Book: 3, Act: 9, Chapter: 2"
  },
  {
    "Book": "3",
    "Act": "9",
    "Chapter": "3",
    "SnapshotName": "Book: 3, Act: 9, Chapter: 3"
  },
  {
    "Book": "3",
    "Act": "9",
    "Chapter": "4",
    "SnapshotName": "Book: 3, Act: 9, Chapter: 4"
  },
  {
    "Book": "3",
    "Act": "9",
    "Chapter": "5",
    "SnapshotName": "Book: 3, Act: 9, Chapter: 5"
  },
  {
    "Book": "3",
    "Act": "9",
    "Chapter": "6",
    "SnapshotName": "Book: 3, Act: 9, Chapter: 6"
  },
  {
    "Book": "3",
    "Act": "9",
    "Chapter": "7",
    "SnapshotName": "Book: 3, Act: 9, Chapter: 7"
  },
  {
    "Book": "3",
    "Act": "9",
    "Chapter": "8",
    "SnapshotName": "Book: 3, Act: 9, Chapter: 8"
  },
  {
    "Book": "3",
    "Act": "9",
    "Chapter": "9",
    "SnapshotName": "Book: 3, Act: 9, Chapter: 9"
  },
  {
    "Book": "3",
    "Act": "9",
    "Chapter": "10",
    "SnapshotName": "Book: 3, Act: 9, Chapter: 10"
  },
  {
    "Book": "3",
    "Act": "10",
    "Chapter": "1",
    "SnapshotName": "Book: 3, Act: 10, Chapter: 1"
  },
  {
    "Book": "3",
    "Act": "10",
    "Chapter": "2",
    "SnapshotName": "Book: 3, Act: 10, Chapter: 2"
  },
  {
    "Book": "3",
    "Act": "10",
    "Chapter": "3",
    "SnapshotName": "Book: 3, Act: 10, Chapter: 3"
  },
  {
    "Book": "3",
    "Act": "10",
    "Chapter": "4",
    "SnapshotName": "Book: 3, Act: 10, Chapter: 4"
  },
  {
    "Book": "3",
    "Act": "10",
    "Chapter": "5",
    "SnapshotName": "Book: 3, Act: 10, Chapter: 5"
  },
  {
    "Book": "3",
    "Act": "10",
    "Chapter": "6",
    "SnapshotName": "Book: 3, Act: 10, Chapter: 6"
  },
  {
    "Book": "3",
    "Act": "10",
    "Chapter": "7",
    "SnapshotName": "Book: 3, Act: 10, Chapter: 7"
  },
  {
    "Book": "3",
    "Act": "10",
    "Chapter": "8",
    "SnapshotName": "Book: 3, Act: 10, Chapter: 8"
  },
  {
    "Book": "3",
    "Act": "10",
    "Chapter": "9",
    "SnapshotName": "Book: 3, Act: 10, Chapter: 9"
  },
  {
    "Book": "3",
    "Act": "10",
    "Chapter": "10",
    "SnapshotName": "Book: 3, Act: 10, Chapter: 10"
  },
  {
    "Book": "4",
    "Act": "1",
    "Chapter": "1",
    "SnapshotName": "Book: 4, Act: 1, Chapter: 1"
  },
  {
    "Book": "4",
    "Act": "1",
    "Chapter": "2",
    "SnapshotName": "Book: 4, Act: 1, Chapter: 2"
  },
  {
    "Book": "4",
    "Act": "1",
    "Chapter": "3",
    "SnapshotName": "Book: 4, Act: 1, Chapter: 3"
  },
  {
    "Book": "4",
    "Act": "1",
    "Chapter": "4",
    "SnapshotName": "Book: 4, Act: 1, Chapter: 4"
  },
  {
    "Book": "4",
    "Act": "1",
    "Chapter": "5",
    "SnapshotName": "Book: 4, Act: 1, Chapter: 5"
  },
  {
    "Book": "4",
    "Act": "1",
    "Chapter": "6",
    "SnapshotName": "Book: 4, Act: 1, Chapter: 6"
  },
  {
    "Book": "4",
    "Act": "1",
    "Chapter": "7",
    "SnapshotName": "Book: 4, Act: 1, Chapter: 7"
  },
  {
    "Book": "4",
    "Act": "1",
    "Chapter": "8",
    "SnapshotName": "Book: 4, Act: 1, Chapter: 8"
  },
  {
    "Book": "4",
    "Act": "1",
    "Chapter": "9",
    "SnapshotName": "Book: 4, Act: 1, Chapter: 9"
  },
  {
    "Book": "4",
    "Act": "1",
    "Chapter": "10",
    "SnapshotName": "Book: 4, Act: 1, Chapter: 10"
  },
  {
    "Book": "4",
    "Act": "2",
    "Chapter": "1",
    "SnapshotName": "Book: 4, Act: 2, Chapter: 1"
  },
  {
    "Book": "4",
    "Act": "2",
    "Chapter": "2",
    "SnapshotName": "Book: 4, Act: 2, Chapter: 2"
  },
  {
    "Book": "4",
    "Act": "2",
    "Chapter": "3",
    "SnapshotName": "Book: 4, Act: 2, Chapter: 3"
  },
  {
    "Book": "4",
    "Act": "2",
    "Chapter": "4",
    "SnapshotName": "Book: 4, Act: 2, Chapter: 4"
  },
  {
    "Book": "4",
    "Act": "2",
    "Chapter": "5",
    "SnapshotName": "Book: 4, Act: 2, Chapter: 5"
  },
  {
    "Book": "4",
    "Act": "2",
    "Chapter": "6",
    "SnapshotName": "Book: 4, Act: 2, Chapter: 6"
  },
  {
    "Book": "4",
    "Act": "2",
    "Chapter": "7",
    "SnapshotName": "Book: 4, Act: 2, Chapter: 7"
  },
  {
    "Book": "4",
    "Act": "2",
    "Chapter": "8",
    "SnapshotName": "Book: 4, Act: 2, Chapter: 8"
  },
  {
    "Book": "4",
    "Act": "2",
    "Chapter": "9",
    "SnapshotName": "Book: 4, Act: 2, Chapter: 9"
  },
  {
    "Book": "4",
    "Act": "2",
    "Chapter": "10",
    "SnapshotName": "Book: 4, Act: 2, Chapter: 10"
  },
  {
    "Book": "4",
    "Act": "3",
    "Chapter": "1",
    "SnapshotName": "Book: 4, Act: 3, Chapter: 1"
  },
  {
    "Book": "4",
    "Act": "3",
    "Chapter": "2",
    "SnapshotName": "Book: 4, Act: 3, Chapter: 2"
  },
  {
    "Book": "4",
    "Act": "3",
    "Chapter": "3",
    "SnapshotName": "Book: 4, Act: 3, Chapter: 3"
  },
  {
    "Book": "4",
    "Act": "3",
    "Chapter": "4",
    "SnapshotName": "Book: 4, Act: 3, Chapter: 4"
  },
  {
    "Book": "4",
    "Act": "3",
    "Chapter": "5",
    "SnapshotName": "Book: 4, Act: 3, Chapter: 5"
  },
  {
    "Book": "4",
    "Act": "3",
    "Chapter": "6",
    "SnapshotName": "Book: 4, Act: 3, Chapter: 6"
  },
  {
    "Book": "4",
    "Act": "3",
    "Chapter": "7",
    "SnapshotName": "Book: 4, Act: 3, Chapter: 7"
  },
  {
    "Book": "4",
    "Act": "3",
    "Chapter": "8",
    "SnapshotName": "Book: 4, Act: 3, Chapter: 8"
  },
  {
    "Book": "4",
    "Act": "3",
    "Chapter": "9",
    "SnapshotName": "Book: 4, Act: 3, Chapter: 9"
  },
  {
    "Book": "4",
    "Act": "3",
    "Chapter": "10",
    "SnapshotName": "Book: 4, Act: 3, Chapter: 10"
  },
  {
    "Book": "4",
    "Act": "4",
    "Chapter": "1",
    "SnapshotName": "Book: 4, Act: 4, Chapter: 1"
  },
  {
    "Book": "4",
    "Act": "4",
    "Chapter": "2",
    "SnapshotName": "Book: 4, Act: 4, Chapter: 2"
  },
  {
    "Book": "4",
    "Act": "4",
    "Chapter": "3",
    "SnapshotName": "Book: 4, Act: 4, Chapter: 3"
  },
  {
    "Book": "4",
    "Act": "4",
    "Chapter": "4",
    "SnapshotName": "Book: 4, Act: 4, Chapter: 4"
  },
  {
    "Book": "4",
    "Act": "4",
    "Chapter": "5",
    "SnapshotName": "Book: 4, Act: 4, Chapter: 5"
  },
  {
    "Book": "4",
    "Act": "4",
    "Chapter": "6",
    "SnapshotName": "Book: 4, Act: 4, Chapter: 6"
  },
  {
    "Book": "4",
    "Act": "4",
    "Chapter": "7",
    "SnapshotName": "Book: 4, Act: 4, Chapter: 7"
  },
  {
    "Book": "4",
    "Act": "4",
    "Chapter": "8",
    "SnapshotName": "Book: 4, Act: 4, Chapter: 8"
  },
  {
    "Book": "4",
    "Act": "4",
    "Chapter": "9",
    "SnapshotName": "Book: 4, Act: 4, Chapter: 9"
  },
  {
    "Book": "4",
    "Act": "4",
    "Chapter": "10",
    "SnapshotName": "Book: 4, Act: 4, Chapter: 10"
  },
  {
    "Book": "4",
    "Act": "5",
    "Chapter": "1",
    "SnapshotName": "Book: 4, Act: 5, Chapter: 1"
  },
  {
    "Book": "4",
    "Act": "5",
    "Chapter": "2",
    "SnapshotName": "Book: 4, Act: 5, Chapter: 2"
  },
  {
    "Book": "4",
    "Act": "5",
    "Chapter": "3",
    "SnapshotName": "Book: 4, Act: 5, Chapter: 3"
  },
  {
    "Book": "4",
    "Act": "5",
    "Chapter": "4",
    "SnapshotName": "Book: 4, Act: 5, Chapter: 4"
  },
  {
    "Book": "4",
    "Act": "5",
    "Chapter": "5",
    "SnapshotName": "Book: 4, Act: 5, Chapter: 5"
  },
  {
    "Book": "4",
    "Act": "5",
    "Chapter": "6",
    "SnapshotName": "Book: 4, Act: 5, Chapter: 6"
  },
  {
    "Book": "4",
    "Act": "5",
    "Chapter": "7",
    "SnapshotName": "Book: 4, Act: 5, Chapter: 7"
  },
  {
    "Book": "4",
    "Act": "5",
    "Chapter": "8",
    "SnapshotName": "Book: 4, Act: 5, Chapter: 8"
  },
  {
    "Book": "4",
    "Act": "5",
    "Chapter": "9",
    "SnapshotName": "Book: 4, Act: 5, Chapter: 9"
  },
  {
    "Book": "4",
    "Act": "5",
    "Chapter": "10",
    "SnapshotName": "Book: 4, Act: 5, Chapter: 10"
  },
  {
    "Book": "4",
    "Act": "6",
    "Chapter": "1",
    "SnapshotName": "Book: 4, Act: 6, Chapter: 1"
  },
  {
    "Book": "4",
    "Act": "6",
    "Chapter": "2",
    "SnapshotName": "Book: 4, Act: 6, Chapter: 2"
  },
  {
    "Book": "4",
    "Act": "6",
    "Chapter": "3",
    "SnapshotName": "Book: 4, Act: 6, Chapter: 3"
  },
  {
    "Book": "4",
    "Act": "6",
    "Chapter": "4",
    "SnapshotName": "Book: 4, Act: 6, Chapter: 4"
  },
  {
    "Book": "4",
    "Act": "6",
    "Chapter": "5",
    "SnapshotName": "Book: 4, Act: 6, Chapter: 5"
  },
  {
    "Book": "4",
    "Act": "6",
    "Chapter": "6",
    "SnapshotName": "Book: 4, Act: 6, Chapter: 6"
  },
  {
    "Book": "4",
    "Act": "6",
    "Chapter": "7",
    "SnapshotName": "Book: 4, Act: 6, Chapter: 7"
  },
  {
    "Book": "4",
    "Act": "6",
    "Chapter": "8",
    "SnapshotName": "Book: 4, Act: 6, Chapter: 8"
  },
  {
    "Book": "4",
    "Act": "6",
    "Chapter": "9",
    "SnapshotName": "Book: 4, Act: 6, Chapter: 9"
  },
  {
    "Book": "4",
    "Act": "6",
    "Chapter": "10",
    "SnapshotName": "Book: 4, Act: 6, Chapter: 10"
  },
  {
    "Book": "4",
    "Act": "7",
    "Chapter": "1",
    "SnapshotName": "Book: 4, Act: 7, Chapter: 1"
  },
  {
    "Book": "4",
    "Act": "7",
    "Chapter": "2",
    "SnapshotName": "Book: 4, Act: 7, Chapter: 2"
  },
  {
    "Book": "4",
    "Act": "7",
    "Chapter": "3",
    "SnapshotName": "Book: 4, Act: 7, Chapter: 3"
  },
  {
    "Book": "4",
    "Act": "7",
    "Chapter": "4",
    "SnapshotName": "Book: 4, Act: 7, Chapter: 4"
  },
  {
    "Book": "4",
    "Act": "7",
    "Chapter": "5",
    "SnapshotName": "Book: 4, Act: 7, Chapter: 5"
  },
  {
    "Book": "4",
    "Act": "7",
    "Chapter": "6",
    "SnapshotName": "Book: 4, Act: 7, Chapter: 6"
  },
  {
    "Book": "4",
    "Act": "7",
    "Chapter": "7",
    "SnapshotName": "Book: 4, Act: 7, Chapter: 7"
  },
  {
    "Book": "4",
    "Act": "7",
    "Chapter": "8",
    "SnapshotName": "Book: 4, Act: 7, Chapter: 8"
  },
  {
    "Book": "4",
    "Act": "7",
    "Chapter": "9",
    "SnapshotName": "Book: 4, Act: 7, Chapter: 9"
  },
  {
    "Book": "4",
    "Act": "7",
    "Chapter": "10",
    "SnapshotName": "Book: 4, Act: 7, Chapter: 10"
  },
  {
    "Book": "4",
    "Act": "8",
    "Chapter": "1",
    "SnapshotName": "Book: 4, Act: 8, Chapter: 1"
  },
  {
    "Book": "4",
    "Act": "8",
    "Chapter": "2",
    "SnapshotName": "Book: 4, Act: 8, Chapter: 2"
  },
  {
    "Book": "4",
    "Act": "8",
    "Chapter": "3",
    "SnapshotName": "Book: 4, Act: 8, Chapter: 3"
  },
  {
    "Book": "4",
    "Act": "8",
    "Chapter": "4",
    "SnapshotName": "Book: 4, Act: 8, Chapter: 4"
  },
  {
    "Book": "4",
    "Act": "8",
    "Chapter": "5",
    "SnapshotName": "Book: 4, Act: 8, Chapter: 5"
  },
  {
    "Book": "4",
    "Act": "8",
    "Chapter": "6",
    "SnapshotName": "Book: 4, Act: 8, Chapter: 6"
  },
  {
    "Book": "4",
    "Act": "8",
    "Chapter": "7",
    "SnapshotName": "Book: 4, Act: 8, Chapter: 7"
  },
  {
    "Book": "4",
    "Act": "8",
    "Chapter": "8",
    "SnapshotName": "Book: 4, Act: 8, Chapter: 8"
  },
  {
    "Book": "4",
    "Act": "8",
    "Chapter": "9",
    "SnapshotName": "Book: 4, Act: 8, Chapter: 9"
  },
  {
    "Book": "4",
    "Act": "8",
    "Chapter": "10",
    "SnapshotName": "Book: 4, Act: 8, Chapter: 10"
  },
  {
    "Book": "4",
    "Act": "9",
    "Chapter": "1",
    "SnapshotName": "Book: 4, Act: 9, Chapter: 1"
  },
  {
    "Book": "4",
    "Act": "9",
    "Chapter": "2",
    "SnapshotName": "Book: 4, Act: 9, Chapter: 2"
  },
  {
    "Book": "4",
    "Act": "9",
    "Chapter": "3",
    "SnapshotName": "Book: 4, Act: 9, Chapter: 3"
  },
  {
    "Book": "4",
    "Act": "9",
    "Chapter": "4",
    "SnapshotName": "Book: 4, Act: 9, Chapter: 4"
  },
  {
    "Book": "4",
    "Act": "9",
    "Chapter": "5",
    "SnapshotName": "Book: 4, Act: 9, Chapter: 5"
  },
  {
    "Book": "4",
    "Act": "9",
    "Chapter": "6",
    "SnapshotName": "Book: 4, Act: 9, Chapter: 6"
  },
  {
    "Book": "4",
    "Act": "9",
    "Chapter": "7",
    "SnapshotName": "Book: 4, Act: 9, Chapter: 7"
  },
  {
    "Book": "4",
    "Act": "9",
    "Chapter": "8",
    "SnapshotName": "Book: 4, Act: 9, Chapter: 8"
  },
  {
    "Book": "4",
    "Act": "9",
    "Chapter": "9",
    "SnapshotName": "Book: 4, Act: 9, Chapter: 9"
  },
  {
    "Book": "4",
    "Act": "9",
    "Chapter": "10",
    "SnapshotName": "Book: 4, Act: 9, Chapter: 10"
  },
  {
    "Book": "4",
    "Act": "10",
    "Chapter": "1",
    "SnapshotName": "Book: 4, Act: 10, Chapter: 1"
  },
  {
    "Book": "4",
    "Act": "10",
    "Chapter": "2",
    "SnapshotName": "Book: 4, Act: 10, Chapter: 2"
  },
  {
    "Book": "4",
    "Act": "10",
    "Chapter": "3",
    "SnapshotName": "Book: 4, Act: 10, Chapter: 3"
  },
  {
    "Book": "4",
    "Act": "10",
    "Chapter": "4",
    "SnapshotName": "Book: 4, Act: 10, Chapter: 4"
  },
  {
    "Book": "4",
    "Act": "10",
    "Chapter": "5",
    "SnapshotName": "Book: 4, Act: 10, Chapter: 5"
  },
  {
    "Book": "4",
    "Act": "10",
    "Chapter": "6",
    "SnapshotName": "Book: 4, Act: 10, Chapter: 6"
  },
  {
    "Book": "4",
    "Act": "10",
    "Chapter": "7",
    "SnapshotName": "Book: 4, Act: 10, Chapter: 7"
  },
  {
    "Book": "4",
    "Act": "10",
    "Chapter": "8",
    "SnapshotName": "Book: 4, Act: 10, Chapter: 8"
  },
  {
    "Book": "4",
    "Act": "10",
    "Chapter": "9",
    "SnapshotName": "Book: 4, Act: 10, Chapter: 9"
  },
  {
    "Book": "4",
    "Act": "10",
    "Chapter": "10",
    "SnapshotName": "Book: 4, Act: 10, Chapter: 10"
  }
]